Name,CrimeType,CrimeDate,City,Gender
Tamer Hany,None,2019-03-27,Luxor,Male
Dina Sherif,Forgery,2018-10-28,Hurghada,Female
Mahmoud Samir,None,2020-12-20,Aswan,Male
Fatma Hassan,Assault,2024-04-11,Alexandria,Female
Hussein Khaled,None,2024-12-10,Aswan,Female
Mohamed Ali,Fraud,2017-11-30,Giza,Female
Mahmoud Samir,Assault,2019-06-16,Aswan,Male
Ahmed Mohamed,None,2022-03-07,Alexandria,Female
Ahmed Mohamed,None,2017-03-15,Cairo,Male
Mohamed Ali,Fraud,2022-03-28,Cairo,Male
Mohamed Ali,None,2025-05-07,Luxor,Female
Omar Youssef,Fraud,2019-11-19,Giza,Female
Sara Ibrahim,None,2019-08-16,Giza,Female
Dina Sherif,Vandalism,2018-12-28,Luxor,Female
Yasmin Farouk,Assault,2021-01-30,Luxor,Male
Ahmed Mohamed,Vandalism,2019-12-03,Giza,Male
Hussein Khaled,Vandalism,2015-02-13,Cairo,Male
Hussein Khaled,Fraud,2023-03-26,Alexandria,Female
Fatma Hassan,None,2024-10-23,Cairo,Male
Sara Ibrahim,None,2022-06-03,Aswan,Male
Mona Adel,None,2024-10-05,Alexandria,Female
Nadia Mostafa,Theft,2020-11-12,Aswan,Male
Yasmin Farouk,Assault,2022-05-26,Alexandria,Female
Ahmed Mohamed,Forgery,2022-06-19,Alexandria,Female
Fatma Hassan,Assault,2023-04-10,Luxor,Female
Sara Ibrahim,Theft,2021-08-26,Hurghada,Male
Yasmin Farouk,Assault,2017-01-03,Cairo,Male
Omar Youssef,None,2020-12-31,Hurghada,Male
Fatma Hassan,Theft,2024-10-11,Luxor,Female
Fatma Hassan,Assault,2022-11-25,Aswan,Female
Yasmin Farouk,Theft,2016-07-16,Alexandria,Male
Hussein Khaled,None,2021-04-30,Luxor,Female
Mahmoud Samir,Fraud,2016-06-29,Alexandria,Female
Ahmed Mohamed,Theft,2018-06-23,Aswan,Male
Hussein Khaled,Theft,2022-11-07,Hurghada,Male
Yasmin Farouk,Forgery,2016-03-03,Alexandria,Male
Sara Ibrahim,Theft,2017-01-08,Giza,Female
Hussein Khaled,Theft,2021-10-11,Hurghada,Female
Mona Adel,Fraud,2024-03-04,Aswan,Male
Ahmed Mohamed,Vandalism,2021-08-16,Cairo,Female
Yasmin Farouk,Theft,2016-02-23,Luxor,Male
Tamer Hany,Fraud,2025-07-16,Alexandria,Female
Sara Ibrahim,None,2019-12-29,Hurghada,Male
Tamer Hany,None,2022-01-09,Luxor,Male
Dina Sherif,Assault,2016-07-04,Alexandria,Male
Sara Ibrahim,Theft,2015-02-28,Alexandria,Female
Sara Ibrahim,Theft,2020-08-23,Cairo,Male
Nadia Mostafa,Fraud,2023-02-10,Luxor,Male
Dina Sherif,Vandalism,2019-09-22,Alexandria,Male
Mona Adel,None,2024-05-02,Luxor,Male
Dina Sherif,Theft,2018-05-01,Cairo,Male
Nadia Mostafa,None,2024-12-29,Luxor,Female
Dina Sherif,Vandalism,2023-12-31,Luxor,Female
Ahmed Mohamed,None,2016-11-22,Cairo,Female
Ahmed Mohamed,Fraud,2017-06-11,Luxor,Female
Hussein Khaled,Fraud,2022-04-14,Cairo,Female
Yasmin Farouk,Theft,2020-04-13,Giza,Female
Omar Youssef,None,2021-03-19,Alexandria,Female
Mohamed Ali,None,2017-12-17,Hurghada,Male
Fatma Hassan,Theft,2021-07-06,Cairo,Female
Omar Youssef,Assault,2015-07-26,Luxor,Female
Dina Sherif,None,2015-01-31,Giza,Male
Dina Sherif,Theft,2023-11-19,Hurghada,Male
Mahmoud Samir,None,2017-04-10,Hurghada,Female
Yasmin Farouk,Theft,2023-01-19,Cairo,Male
Mahmoud Samir,Vandalism,2022-10-30,Luxor,Female
Hussein Khaled,Theft,2025-01-13,Giza,Female
Nadia Mostafa,Theft,2025-04-10,Luxor,Male
Mohamed Ali,Theft,2017-11-13,Hurghada,Male
Dina Sherif,Theft,2016-12-23,Giza,Female
Mahmoud Samir,Forgery,2015-05-25,Cairo,Male
Sara Ibrahim,Fraud,2020-11-26,Alexandria,Male
Omar Youssef,Vandalism,2024-03-08,Cairo,Female
Dina Sherif,None,2019-10-14,Hurghada,Female
Dina Sherif,Theft,2020-02-22,Hurghada,Male
Mahmoud Samir,Vandalism,2018-08-21,Giza,Female
Ahmed Mohamed,Assault,2019-05-11,Giza,Female
Nadia Mostafa,Fraud,2023-08-31,Luxor,Female
Dina Sherif,Vandalism,2022-02-04,Luxor,Female
Yasmin Farouk,Fraud,2015-02-02,Cairo,Female
Sara Ibrahim,Assault,2016-07-19,Alexandria,Male
Hussein Khaled,Theft,2019-07-29,Aswan,Female
Hussein Khaled,None,2016-06-14,Giza,Male
Ahmed Mohamed,Assault,2019-08-16,Giza,Female
Omar Youssef,Fraud,2022-03-25,Giza,Female
Mahmoud Samir,None,2017-09-28,Luxor,Female
Mahmoud Samir,Vandalism,2018-05-26,Luxor,Female
Nadia Mostafa,Assault,2015-11-10,Hurghada,Female
Omar Youssef,Theft,2021-07-02,Cairo,Female
Mona Adel,Theft,2015-01-11,Aswan,Female
Omar Youssef,Fraud,2025-07-04,Giza,Female
Dina Sherif,None,2015-08-24,Cairo,Male
Hussein Khaled,Theft,2024-09-03,Luxor,Female
Tamer Hany,Forgery,2018-08-17,Alexandria,Female
Sara Ibrahim,None,2024-05-29,Aswan,Male
Mohamed Ali,None,2024-01-27,Luxor,Male
Yasmin Farouk,None,2018-08-18,Aswan,Male
Yasmin Farouk,Forgery,2024-03-04,Aswan,Female
Ahmed Mohamed,Assault,2019-02-25,Aswan,Female
Ahmed Mohamed,Fraud,2015-09-04,Cairo,Female
Dina Sherif,Forgery,2015-03-22,Cairo,Female
Mohamed Ali,None,2016-07-10,Giza,Female
Sara Ibrahim,None,2020-04-14,Luxor,Female
Dina Sherif,Assault,2017-09-26,Alexandria,Male
Sara Ibrahim,Assault,2024-12-20,Giza,Female
Yasmin Farouk,Fraud,2021-03-10,Aswan,Female
Nadia Mostafa,Forgery,2018-04-23,Cairo,Female
Sara Ibrahim,Fraud,2022-06-21,Luxor,Male
Mahmoud Samir,Theft,2017-08-18,Cairo,Female
Sara Ibrahim,Theft,2024-09-23,Alexandria,Female
Sara Ibrahim,None,2020-11-16,Alexandria,Female
Tamer Hany,Fraud,2022-03-06,Alexandria,Male
Sara Ibrahim,Assault,2020-11-22,Giza,Female
Yasmin Farouk,None,2019-10-20,Giza,Male
Hussein Khaled,None,2017-06-25,Cairo,Male
Hussein Khaled,Theft,2019-04-02,Hurghada,Female
Nadia Mostafa,Theft,2017-08-11,Giza,Female
Tamer Hany,Assault,2024-12-18,Aswan,Male
Hussein Khaled,Vandalism,2015-10-05,Hurghada,Female
Nadia Mostafa,Assault,2016-09-14,Hurghada,Female
Tamer Hany,Fraud,2022-07-04,Hurghada,Female
Ahmed Mohamed,Theft,2023-09-23,Giza,Female
Fatma Hassan,Fraud,2015-05-08,Giza,Female
Dina Sherif,None,2020-01-24,Giza,Male
Nadia Mostafa,None,2015-10-03,Luxor,Female
Nadia Mostafa,Forgery,2017-08-25,Aswan,Female
Yasmin Farouk,None,2016-07-27,Cairo,Female
Omar Youssef,Assault,2017-08-06,Cairo,Male
Tamer Hany,Fraud,2016-01-17,Alexandria,Male
Mahmoud Samir,Theft,2016-11-09,Luxor,Female
Yasmin Farouk,Assault,2016-01-23,Giza,Male
Ahmed Mohamed,None,2018-06-29,Luxor,Female
Mona Adel,Vandalism,2018-11-03,Aswan,Male
Hussein Khaled,Theft,2015-02-07,Alexandria,Male
Ahmed Mohamed,Theft,2019-02-13,Cairo,Male
Yasmin Farouk,Assault,2016-06-27,Cairo,Female
Tamer Hany,Theft,2022-11-03,Alexandria,Female
Hussein Khaled,Forgery,2017-04-11,Aswan,Female
Yasmin Farouk,Forgery,2021-06-26,Alexandria,Male
Sara Ibrahim,Theft,2017-04-02,Cairo,Male
Fatma Hassan,None,2015-11-10,Cairo,Male
Ahmed Mohamed,None,2017-05-28,Alexandria,Female
Hussein Khaled,None,2017-01-16,Hurghada,Female
Fatma Hassan,Forgery,2015-02-14,Luxor,Female
Mohamed Ali,None,2015-02-05,Alexandria,Male
Mohamed Ali,None,2017-07-22,Alexandria,Male
Dina Sherif,Assault,2019-08-04,Luxor,Female
Tamer Hany,None,2020-08-12,Alexandria,Female
Sara Ibrahim,Theft,2022-07-02,Cairo,Male
Ahmed Mohamed,Assault,2025-03-17,Giza,Female
Mohamed Ali,Fraud,2024-01-15,Luxor,Female
Mona Adel,Fraud,2021-11-13,Aswan,Male
Sara Ibrahim,Theft,2020-05-25,Luxor,Male
Omar Youssef,Assault,2024-01-11,Alexandria,Female
Mohamed Ali,Assault,2021-08-11,Cairo,Female
Mohamed Ali,Fraud,2024-08-11,Aswan,Male
Mohamed Ali,Fraud,2017-01-20,Cairo,Male
Mahmoud Samir,Theft,2017-06-22,Luxor,Female
Mahmoud Samir,Theft,2018-03-23,Aswan,Female
Hussein Khaled,None,2020-05-23,Luxor,Female
Yasmin Farouk,Assault,2020-06-16,Alexandria,Male
Tamer Hany,None,2020-03-23,Giza,Male
Dina Sherif,None,2017-09-01,Luxor,Female
Yasmin Farouk,Vandalism,2020-07-04,Aswan,Female
Mona Adel,Vandalism,2018-10-04,Luxor,Male
Dina Sherif,Fraud,2022-03-10,Aswan,Male
Mona Adel,None,2016-03-13,Hurghada,Female
Ahmed Mohamed,Forgery,2021-07-01,Giza,Female
Omar Youssef,Forgery,2022-07-27,Aswan,Female
Mona Adel,None,2017-04-18,Alexandria,Female
Omar Youssef,Theft,2021-03-22,Aswan,Male
Nadia Mostafa,Theft,2022-07-07,Cairo,Female
Tamer Hany,Assault,2022-01-25,Alexandria,Male
Ahmed Mohamed,None,2017-11-24,Cairo,Female
Hussein Khaled,None,2020-06-27,Luxor,Female
Nadia Mostafa,Fraud,2020-09-01,Hurghada,Male
Omar Youssef,None,2018-01-20,Hurghada,Male
Mahmoud Samir,Fraud,2021-03-28,Aswan,Female
Fatma Hassan,Forgery,2021-07-25,Hurghada,Female
Ahmed Mohamed,Vandalism,2018-12-29,Hurghada,Male
Dina Sherif,None,2023-05-08,Luxor,Male
Omar Youssef,Theft,2019-06-10,Aswan,Male
Mohamed Ali,None,2022-10-29,Aswan,Female
Nadia Mostafa,Forgery,2022-10-24,Cairo,Female
Mahmoud Samir,Fraud,2021-07-06,Hurghada,Female
Hussein Khaled,None,2019-09-26,Luxor,Male
Nadia Mostafa,Fraud,2017-05-27,Aswan,Female
Hussein Khaled,Fraud,2024-06-20,Alexandria,Female
Mona Adel,Vandalism,2015-02-13,Alexandria,Male
Omar Youssef,Fraud,2017-01-09,Hurghada,Female
Dina Sherif,Theft,2024-01-26,Luxor,Female
Fatma Hassan,Assault,2021-04-04,Aswan,Female
Mohamed Ali,Fraud,2023-10-10,Hurghada,Female
Sara Ibrahim,Fraud,2019-07-17,Alexandria,Male
Mahmoud Samir,Assault,2021-05-06,Aswan,Female
Mohamed Ali,Fraud,2018-11-17,Hurghada,Male
Mahmoud Samir,Assault,2016-05-11,Aswan,Female
Omar Youssef,None,2020-12-23,Alexandria,Male
Ahmed Mohamed,Theft,2018-06-25,Aswan,Male
Sara Ibrahim,Forgery,2023-05-29,Giza,Female
Sara Ibrahim,Theft,2022-08-22,Alexandria,Female
Ahmed Mohamed,Theft,2022-04-16,Alexandria,Male
Mona Adel,Theft,2021-10-28,Luxor,Female
Fatma Hassan,Vandalism,2022-10-08,Hurghada,Female
Sara Ibrahim,Theft,2019-05-30,Luxor,Male
Dina Sherif,Theft,2020-09-07,Aswan,Female
Fatma Hassan,None,2024-02-18,Luxor,Female
Sara Ibrahim,None,2025-06-04,Hurghada,Female
Nadia Mostafa,Theft,2022-09-12,Cairo,Female
Nadia Mostafa,Assault,2022-10-25,Aswan,Male
Omar Youssef,None,2019-07-09,Giza,Male
Sara Ibrahim,None,2018-06-19,Giza,Male
Fatma Hassan,Theft,2015-02-02,Luxor,Female
Mahmoud Samir,Theft,2017-06-29,Alexandria,Male
Nadia Mostafa,Assault,2022-05-16,Aswan,Male
Tamer Hany,Vandalism,2017-04-30,Luxor,Male
Dina Sherif,Fraud,2015-06-29,Hurghada,Male
Dina Sherif,Forgery,2019-01-28,Aswan,Female
Hussein Khaled,None,2020-07-24,Cairo,Male
Nadia Mostafa,Assault,2017-01-18,Giza,Female
Dina Sherif,Assault,2022-06-30,Aswan,Male
Mona Adel,Vandalism,2019-10-12,Aswan,Male
Omar Youssef,Assault,2018-02-05,Cairo,Female
Mona Adel,Fraud,2016-02-16,Luxor,Male
Nadia Mostafa,Fraud,2023-11-02,Giza,Male
Yasmin Farouk,Vandalism,2016-09-12,Alexandria,Female
Fatma Hassan,Fraud,2018-08-18,Hurghada,Male
Omar Youssef,Fraud,2021-04-22,Giza,Female
Fatma Hassan,Fraud,2023-08-15,Giza,Male
Mona Adel,None,2015-09-12,Luxor,Male
Nadia Mostafa,None,2016-06-12,Luxor,Female
Fatma Hassan,Forgery,2023-05-15,Alexandria,Female
Nadia Mostafa,Theft,2024-10-11,Giza,Male
Omar Youssef,Theft,2022-03-30,Hurghada,Female
Nadia Mostafa,Vandalism,2018-08-24,Alexandria,Male
Fatma Hassan,Assault,2016-07-16,Cairo,Male
Mona Adel,None,2020-03-20,Luxor,Female
Nadia Mostafa,Fraud,2020-07-02,Luxor,Female
Ahmed Mohamed,None,2022-03-15,Hurghada,Female
Mahmoud Samir,Fraud,2023-02-03,Hurghada,Male
Omar Youssef,Theft,2017-07-24,Aswan,Male
Ahmed Mohamed,Fraud,2015-04-27,Alexandria,Female
Tamer Hany,None,2021-11-07,Hurghada,Female
Nadia Mostafa,Assault,2022-04-06,Cairo,Female
Dina Sherif,Theft,2015-06-15,Aswan,Female
Tamer Hany,Vandalism,2023-06-25,Alexandria,Male
Mohamed Ali,None,2017-05-02,Alexandria,Female
Nadia Mostafa,Fraud,2023-08-17,Giza,Male
Tamer Hany,None,2016-10-29,Giza,Female
Nadia Mostafa,Forgery,2018-01-17,Alexandria,Male
Dina Sherif,Theft,2024-11-23,Aswan,Male
Sara Ibrahim,None,2022-05-11,Aswan,Male
Mohamed Ali,Assault,2021-04-28,Hurghada,Female
Fatma Hassan,Assault,2018-07-08,Luxor,Female
Tamer Hany,Vandalism,2019-08-28,Aswan,Male
Mona Adel,Fraud,2023-07-07,Cairo,Female
Mohamed Ali,Fraud,2017-09-06,Hurghada,Female
Fatma Hassan,Fraud,2023-11-09,Cairo,Female
Ahmed Mohamed,None,2023-01-26,Aswan,Male
Yasmin Farouk,None,2025-07-07,Cairo,Male
Yasmin Farouk,Assault,2025-05-18,Hurghada,Female
Tamer Hany,None,2025-05-26,Luxor,Male
Fatma Hassan,None,2015-08-05,Alexandria,Female
Fatma Hassan,Theft,2022-11-05,Luxor,Female
Mahmoud Samir,Forgery,2017-11-15,Aswan,Male
Yasmin Farouk,Vandalism,2024-07-29,Aswan,Male
Tamer Hany,None,2025-07-22,Giza,Female
Nadia Mostafa,Theft,2020-06-21,Cairo,Female
Fatma Hassan,Assault,2023-09-08,Luxor,Male
Fatma Hassan,Fraud,2019-02-04,Giza,Female
Yasmin Farouk,Fraud,2025-04-28,Hurghada,Female
Mahmoud Samir,Fraud,2016-02-03,Giza,Female
Sara Ibrahim,None,2024-02-25,Aswan,Female
Sara Ibrahim,Theft,2015-07-04,Alexandria,Female
Tamer Hany,Theft,2022-12-20,Aswan,Female
Mahmoud Samir,Vandalism,2019-10-16,Alexandria,Female
Ahmed Mohamed,Fraud,2020-02-20,Luxor,Male
Nadia Mostafa,Fraud,2018-11-23,Hurghada,Female
Tamer Hany,None,2023-01-14,Hurghada,Male
Ahmed Mohamed,None,2025-04-11,Giza,Male
Mahmoud Samir,Assault,2019-07-21,Cairo,Female
Hussein Khaled,Theft,2021-12-31,Giza,Female
Ahmed Mohamed,Theft,2024-08-17,Cairo,Female
Fatma Hassan,Theft,2017-12-23,Cairo,Female
Yasmin Farouk,Assault,2022-04-30,Giza,Female
Mahmoud Samir,None,2015-10-25,Alexandria,Male
Fatma Hassan,Theft,2017-09-19,Aswan,Male
Dina Sherif,Vandalism,2018-02-08,Giza,Male
Omar Youssef,Fraud,2020-04-23,Cairo,Male
Tamer Hany,Theft,2022-10-29,Aswan,Male
Yasmin Farouk,Fraud,2019-10-16,Giza,Male
Mona Adel,Fraud,2025-04-13,Giza,Male
Mona Adel,Fraud,2015-06-16,Alexandria,Female
Ahmed Mohamed,Fraud,2015-08-08,Luxor,Female
Sara Ibrahim,Fraud,2025-05-07,Luxor,Female
Nadia Mostafa,Theft,2015-04-08,Giza,Female
Hussein Khaled,None,2025-05-31,Aswan,Male
Yasmin Farouk,Fraud,2015-10-20,Cairo,Female
Omar Youssef,Vandalism,2025-07-28,Aswan,Male
Ahmed Mohamed,Assault,2017-10-06,Aswan,Male
Omar Youssef,Theft,2016-02-27,Luxor,Female
Sara Ibrahim,Fraud,2023-07-21,Giza,Male
Tamer Hany,Forgery,2022-04-21,Aswan,Female
Dina Sherif,Theft,2023-05-07,Luxor,Female
Dina Sherif,Forgery,2025-05-21,Luxor,Male
Tamer Hany,Fraud,2022-12-26,Alexandria,Female
Nadia Mostafa,Fraud,2021-02-13,Luxor,Female
Hussein Khaled,Assault,2024-03-23,Cairo,Female
Sara Ibrahim,None,2017-07-15,Cairo,Female
Nadia Mostafa,Assault,2024-08-16,Cairo,Male
Nadia Mostafa,Fraud,2019-01-01,Giza,Male
Dina Sherif,Forgery,2024-05-10,Luxor,Female
Hussein Khaled,Theft,2015-03-12,Luxor,Female
Yasmin Farouk,Theft,2023-08-25,Alexandria,Female
Tamer Hany,None,2022-04-10,Aswan,Male
Yasmin Farouk,None,2020-03-19,Giza,Male
Nadia Mostafa,Fraud,2017-02-13,Luxor,Male
Omar Youssef,None,2024-06-02,Aswan,Male
Fatma Hassan,None,2021-10-17,Hurghada,Female
Hussein Khaled,Assault,2022-07-08,Cairo,Male
Mohamed Ali,Fraud,2019-07-21,Alexandria,Female
Ahmed Mohamed,Assault,2021-06-30,Giza,Female
Fatma Hassan,Theft,2018-05-26,Luxor,Male
Tamer Hany,Vandalism,2022-09-18,Cairo,Female
Sara Ibrahim,Theft,2017-06-19,Cairo,Male
Sara Ibrahim,None,2020-02-03,Cairo,Male
Ahmed Mohamed,Forgery,2018-05-05,Aswan,Male
Sara Ibrahim,Theft,2025-07-25,Giza,Female
Fatma Hassan,None,2018-10-05,Hurghada,Male
Mohamed Ali,None,2021-04-14,Alexandria,Male
Omar Youssef,Theft,2019-04-15,Giza,Female
Sara Ibrahim,Assault,2015-05-19,Aswan,Male
Mohamed Ali,Fraud,2017-09-25,Cairo,Female
Mahmoud Samir,Theft,2018-05-15,Alexandria,Female
Mohamed Ali,Theft,2018-10-12,Aswan,Female
Mohamed Ali,None,2019-11-30,Hurghada,Female
Yasmin Farouk,Forgery,2024-03-15,Alexandria,Male
Yasmin Farouk,Theft,2021-03-31,Giza,Female
Yasmin Farouk,Forgery,2016-09-08,Hurghada,Female
Tamer Hany,None,2020-11-28,Cairo,Male
Hussein Khaled,Forgery,2016-02-03,Cairo,Male
Mahmoud Samir,None,2020-08-14,Aswan,Male
Dina Sherif,Theft,2016-08-13,Cairo,Male
Mona Adel,Fraud,2023-07-19,Cairo,Female
Sara Ibrahim,None,2015-03-12,Aswan,Female
Sara Ibrahim,None,2022-05-09,Cairo,Female
Mona Adel,Vandalism,2023-11-17,Aswan,Male
Sara Ibrahim,Theft,2018-04-13,Alexandria,Female
Ahmed Mohamed,Fraud,2023-09-11,Aswan,Male
Mohamed Ali,Fraud,2022-11-07,Giza,Male
Fatma Hassan,Theft,2023-04-13,Alexandria,Female
Dina Sherif,Assault,2024-05-21,Alexandria,Male
Mohamed Ali,None,2025-03-25,Hurghada,Female
Dina Sherif,None,2021-05-16,Luxor,Female
Dina Sherif,Fraud,2024-06-18,Giza,Male
Omar Youssef,None,2018-08-05,Luxor,Male
Mona Adel,None,2015-07-24,Aswan,Female
Ahmed Mohamed,Forgery,2017-03-29,Aswan,Male
Mahmoud Samir,None,2024-01-08,Hurghada,Male
Yasmin Farouk,Theft,2017-02-26,Hurghada,Male
Ahmed Mohamed,Vandalism,2019-08-22,Alexandria,Female
Ahmed Mohamed,Assault,2019-02-03,Aswan,Female
Yasmin Farouk,Fraud,2025-07-21,Hurghada,Male
Hussein Khaled,None,2021-05-07,Alexandria,Male
Mahmoud Samir,Theft,2020-06-12,Giza,Female
Ahmed Mohamed,None,2020-01-26,Cairo,Male
Hussein Khaled,Theft,2021-05-29,Giza,Female
Fatma Hassan,None,2015-02-08,Alexandria,Female
Dina Sherif,Fraud,2018-09-29,Aswan,Male
Nadia Mostafa,None,2018-02-01,Cairo,Male
Omar Youssef,Assault,2023-08-02,Aswan,Male
Tamer Hany,None,2020-12-24,Aswan,Male
Mona Adel,None,2024-11-15,Hurghada,Male
Ahmed Mohamed,Assault,2018-01-15,Hurghada,Male
Mahmoud Samir,Vandalism,2023-08-26,Aswan,Male
Mona Adel,None,2017-07-09,Hurghada,Male
Hussein Khaled,None,2019-05-17,Giza,Male
Nadia Mostafa,Theft,2021-10-04,Aswan,Female
Fatma Hassan,Theft,2019-10-15,Giza,Male
Ahmed Mohamed,None,2015-12-02,Giza,Male
Omar Youssef,Theft,2019-09-13,Luxor,Male
Fatma Hassan,None,2018-03-10,Alexandria,Male
Sara Ibrahim,Vandalism,2018-04-29,Alexandria,Female
Sara Ibrahim,None,2019-10-21,Luxor,Female
Tamer Hany,Theft,2022-12-22,Alexandria,Female
Dina Sherif,Assault,2021-01-08,Luxor,Female
Dina Sherif,None,2017-06-12,Luxor,Male
Dina Sherif,Assault,2016-02-12,Alexandria,Male
Tamer Hany,None,2018-12-19,Aswan,Female
Nadia Mostafa,None,2021-10-31,Luxor,Male
Dina Sherif,Fraud,2023-04-09,Giza,Male
Nadia Mostafa,Theft,2023-01-28,Luxor,Female
Fatma Hassan,Fraud,2024-07-16,Cairo,Male
Omar Youssef,Fraud,2017-12-20,Aswan,Male
Mohamed Ali,None,2016-03-12,Aswan,Female
Omar Youssef,Theft,2020-03-21,Luxor,Male
Sara Ibrahim,Theft,2021-10-14,Hurghada,Female
Omar Youssef,Forgery,2015-09-16,Luxor,Female
Mona Adel,Theft,2016-07-04,Aswan,Male
Sara Ibrahim,Forgery,2022-09-04,Hurghada,Male
Nadia Mostafa,None,2016-05-15,Luxor,Male
Mahmoud Samir,None,2015-12-22,Aswan,Female
Mahmoud Samir,Fraud,2020-05-25,Aswan,Male
Yasmin Farouk,Forgery,2023-12-15,Alexandria,Female
Mona Adel,Theft,2019-10-10,Hurghada,Male
Nadia Mostafa,Forgery,2022-06-04,Luxor,Female
Nadia Mostafa,Forgery,2018-01-28,Giza,Male
Sara Ibrahim,Forgery,2019-08-23,Hurghada,Male
Nadia Mostafa,Theft,2022-09-21,Hurghada,Male
Nadia Mostafa,None,2020-04-22,Giza,Male
Omar Youssef,Assault,2024-01-21,Luxor,Female
Yasmin Farouk,Theft,2023-12-19,Aswan,Female
Tamer Hany,Fraud,2022-05-26,Luxor,Male
Fatma Hassan,Theft,2020-10-08,Aswan,Female
Fatma Hassan,None,2024-07-16,Giza,Female
Ahmed Mohamed,Fraud,2016-08-15,Luxor,Male
Mohamed Ali,Fraud,2025-01-08,Luxor,Male
Mahmoud Samir,Theft,2015-11-23,Aswan,Female
Hussein Khaled,Fraud,2020-04-03,Giza,Female
Mahmoud Samir,Fraud,2024-04-08,Cairo,Female
Hussein Khaled,Fraud,2015-01-19,Luxor,Female
Mohamed Ali,Theft,2021-04-22,Cairo,Female
Tamer Hany,Vandalism,2018-06-03,Cairo,Male
Hussein Khaled,Theft,2020-05-23,Alexandria,Female
Sara Ibrahim,Forgery,2024-06-01,Hurghada,Female
Mahmoud Samir,Vandalism,2021-10-07,Cairo,Male
Dina Sherif,Theft,2019-01-03,Giza,Male
Mohamed Ali,Theft,2019-03-15,Luxor,Female
Omar Youssef,Theft,2020-09-09,Hurghada,Male
Mona Adel,Forgery,2025-07-12,Cairo,Female
Mohamed Ali,Theft,2024-02-26,Luxor,Female
Yasmin Farouk,Assault,2015-09-10,Hurghada,Female
Yasmin Farouk,Forgery,2024-08-24,Cairo,Male
Fatma Hassan,None,2022-08-10,Aswan,Female
Hussein Khaled,Vandalism,2017-11-20,Hurghada,Female
Sara Ibrahim,Assault,2023-09-15,Luxor,Male
Hussein Khaled,Vandalism,2025-05-29,Aswan,Female
Hussein Khaled,Vandalism,2023-03-03,Alexandria,Male
Nadia Mostafa,Theft,2019-10-05,Luxor,Male
Mona Adel,Assault,2015-03-08,Aswan,Female
Fatma Hassan,Fraud,2024-10-22,Aswan,Female
Dina Sherif,Forgery,2015-08-08,Alexandria,Male
Nadia Mostafa,None,2017-08-22,Hurghada,Male
Nadia Mostafa,Forgery,2016-03-23,Aswan,Male
Ahmed Mohamed,Assault,2023-05-06,Giza,Female
Sara Ibrahim,Forgery,2019-04-09,Alexandria,Male
Tamer Hany,Fraud,2025-05-30,Luxor,Female
Hussein Khaled,Theft,2025-01-06,Hurghada,Female
Nadia Mostafa,Vandalism,2021-06-04,Cairo,Male
Nadia Mostafa,Vandalism,2022-07-13,Giza,Female
Omar Youssef,Fraud,2021-01-05,Luxor,Female
Omar Youssef,None,2023-01-29,Giza,Male
Omar Youssef,Fraud,2020-02-29,Luxor,Female
Mohamed Ali,Fraud,2018-06-11,Cairo,Female
Mahmoud Samir,Assault,2019-04-22,Giza,Male
Nadia Mostafa,Forgery,2015-04-19,Aswan,Female
Mahmoud Samir,Fraud,2018-10-06,Alexandria,Male
Nadia Mostafa,Theft,2025-07-15,Aswan,Male
Sara Ibrahim,Fraud,2019-05-22,Hurghada,Male
Tamer Hany,Theft,2021-04-29,Luxor,Male
Dina Sherif,Assault,2022-10-29,Alexandria,Male
Sara Ibrahim,Forgery,2020-07-05,Hurghada,Female
Yasmin Farouk,Fraud,2025-06-05,Alexandria,Female
Nadia Mostafa,Forgery,2015-05-04,Luxor,Male
Nadia Mostafa,Fraud,2018-08-18,Cairo,Female
Mahmoud Samir,Theft,2019-04-28,Giza,Female
Mahmoud Samir,Fraud,2020-12-10,Luxor,Male
Hussein Khaled,Theft,2020-12-15,Cairo,Female
Nadia Mostafa,Fraud,2017-10-04,Hurghada,Female
Fatma Hassan,Vandalism,2023-01-22,Cairo,Male
Sara Ibrahim,None,2017-08-08,Giza,Male
Sara Ibrahim,Assault,2022-02-21,Cairo,Male
Dina Sherif,Assault,2019-06-18,Aswan,Female
Mona Adel,Theft,2024-02-01,Luxor,Male
Nadia Mostafa,Theft,2022-02-22,Cairo,Female
Dina Sherif,None,2024-11-10,Luxor,Female
Mahmoud Samir,Forgery,2024-07-24,Hurghada,Female
Ahmed Mohamed,Theft,2020-02-25,Alexandria,Male
Hussein Khaled,Vandalism,2018-09-05,Giza,Female
Mahmoud Samir,Vandalism,2015-11-15,Cairo,Female
Tamer Hany,Forgery,2019-06-17,Alexandria,Male
Nadia Mostafa,None,2024-02-29,Aswan,Female
Hussein Khaled,Theft,2016-08-02,Hurghada,Male
Hussein Khaled,Theft,2023-10-29,Alexandria,Male
Dina Sherif,None,2023-04-19,Hurghada,Female
Mona Adel,Theft,2020-03-07,Aswan,Female
Dina Sherif,None,2025-01-02,Hurghada,Female
Hussein Khaled,Theft,2016-01-06,Alexandria,Female
Hussein Khaled,Theft,2023-08-27,Hurghada,Male
Mohamed Ali,Assault,2015-07-15,Cairo,Female
Mohamed Ali,Fraud,2021-03-17,Hurghada,Female
Ahmed Mohamed,Theft,2016-01-06,Hurghada,Male
Mona Adel,None,2019-11-18,Hurghada,Female
Nadia Mostafa,None,2025-06-28,Luxor,Female
Dina Sherif,Assault,2018-08-01,Hurghada,Female
Sara Ibrahim,Theft,2021-03-10,Aswan,Male
Fatma Hassan,Theft,2024-03-29,Hurghada,Female
Ahmed Mohamed,Theft,2015-01-13,Aswan,Male
Omar Youssef,None,2025-01-19,Aswan,Female
Omar Youssef,Assault,2024-01-30,Aswan,Female
Nadia Mostafa,None,2023-05-22,Hurghada,Female
Ahmed Mohamed,None,2023-01-09,Alexandria,Female
Nadia Mostafa,Vandalism,2015-05-25,Hurghada,Male
Tamer Hany,Fraud,2020-07-12,Luxor,Female
Dina Sherif,Theft,2025-04-11,Hurghada,Male
Hussein Khaled,None,2022-11-27,Giza,Female
Mahmoud Samir,Theft,2024-07-15,Alexandria,Female
Nadia Mostafa,Forgery,2022-08-07,Alexandria,Male
Fatma Hassan,Fraud,2024-01-02,Cairo,Female
Hussein Khaled,Theft,2015-04-10,Aswan,Male
Fatma Hassan,Theft,2019-01-19,Alexandria,Male
Tamer Hany,Theft,2020-09-21,Hurghada,Female
Mahmoud Samir,None,2020-07-29,Luxor,Male
Omar Youssef,None,2015-04-07,Cairo,Male
Omar Youssef,None,2018-04-05,Alexandria,Male
Tamer Hany,Forgery,2020-05-14,Alexandria,Female
Fatma Hassan,Theft,2024-04-14,Luxor,Male
Omar Youssef,Theft,2020-08-18,Cairo,Female
Hussein Khaled,None,2022-08-20,Luxor,Male
Fatma Hassan,Theft,2015-03-22,Luxor,Female
Hussein Khaled,Assault,2016-04-16,Alexandria,Female
Mahmoud Samir,Vandalism,2020-06-21,Luxor,Female
Mahmoud Samir,Theft,2016-12-16,Giza,Female
Yasmin Farouk,Fraud,2017-05-21,Cairo,Female
Yasmin Farouk,Vandalism,2024-11-26,Cairo,Male
Ahmed Mohamed,Theft,2022-02-20,Cairo,Female
Sara Ibrahim,None,2025-03-28,Giza,Male
Omar Youssef,Theft,2016-06-07,Alexandria,Male
Hussein Khaled,None,2023-07-07,Aswan,Male
Ahmed Mohamed,Theft,2021-03-14,Cairo,Female
Hussein Khaled,None,2019-01-27,Aswan,Female
Omar Youssef,Theft,2025-07-26,Hurghada,Female
Omar Youssef,Fraud,2024-10-17,Giza,Female
Mona Adel,Theft,2022-02-11,Luxor,Male
Mohamed Ali,Theft,2018-09-15,Giza,Female
Tamer Hany,Fraud,2015-03-17,Luxor,Female
Mohamed Ali,Forgery,2019-03-30,Hurghada,Male
Nadia Mostafa,Assault,2017-07-06,Aswan,Male
Hussein Khaled,Assault,2024-01-03,Cairo,Male
Mahmoud Samir,Assault,2024-02-08,Cairo,Male
Sara Ibrahim,Forgery,2020-07-30,Aswan,Male
Mahmoud Samir,None,2023-01-24,Giza,Female
Nadia Mostafa,Assault,2024-04-06,Aswan,Male
Fatma Hassan,Forgery,2023-09-05,Giza,Female
Yasmin Farouk,Theft,2021-03-19,Luxor,Female
Omar Youssef,None,2016-10-21,Cairo,Female
Sara Ibrahim,None,2019-12-10,Giza,Male
Omar Youssef,Forgery,2023-06-20,Cairo,Female
Mahmoud Samir,Vandalism,2015-12-31,Giza,Female
Sara Ibrahim,Forgery,2023-05-10,Hurghada,Male
Mahmoud Samir,Assault,2016-01-13,Hurghada,Female
Mona Adel,Theft,2019-08-16,Giza,Male
Mahmoud Samir,Fraud,2019-06-18,Alexandria,Male
Omar Youssef,Assault,2023-01-24,Aswan,Male
Dina Sherif,None,2018-01-27,Giza,Female
Yasmin Farouk,None,2020-06-14,Giza,Female
Fatma Hassan,Theft,2017-01-09,Hurghada,Female
Dina Sherif,Fraud,2017-10-30,Luxor,Male
Mohamed Ali,Fraud,2023-10-12,Giza,Female
Dina Sherif,None,2019-02-07,Alexandria,Male
Hussein Khaled,Fraud,2016-01-27,Luxor,Male
Mona Adel,Assault,2018-04-30,Alexandria,Female
Dina Sherif,Theft,2016-12-03,Luxor,Male
Sara Ibrahim,Theft,2015-07-01,Aswan,Male
Hussein Khaled,Assault,2021-04-11,Hurghada,Male
Dina Sherif,None,2016-12-05,Hurghada,Male
Omar Youssef,Theft,2022-07-01,Aswan,Male
Yasmin Farouk,Assault,2020-04-29,Cairo,Male
Nadia Mostafa,None,2022-01-08,Hurghada,Female
Dina Sherif,Forgery,2021-12-04,Alexandria,Male
Omar Youssef,Theft,2018-11-22,Giza,Male
Fatma Hassan,Assault,2017-04-26,Alexandria,Male
Tamer Hany,Vandalism,2017-03-10,Hurghada,Female
Hussein Khaled,Forgery,2021-02-28,Cairo,Female
Dina Sherif,Theft,2016-02-08,Giza,Male
Mohamed Ali,None,2018-04-13,Alexandria,Male
Omar Youssef,None,2017-10-17,Hurghada,Male
Hussein Khaled,Assault,2016-12-28,Giza,Female
Omar Youssef,Fraud,2021-08-13,Aswan,Female
Yasmin Farouk,None,2019-07-20,Luxor,Male
Mona Adel,None,2020-03-04,Giza,Female
Mohamed Ali,Forgery,2017-04-25,Giza,Male
Dina Sherif,Theft,2019-05-17,Cairo,Male
Yasmin Farouk,Vandalism,2015-06-25,Giza,Male
Omar Youssef,Assault,2016-01-13,Giza,Male
Sara Ibrahim,Theft,2023-05-15,Giza,Female
Hussein Khaled,Fraud,2023-03-05,Hurghada,Male
Mona Adel,Theft,2015-07-13,Cairo,Female
Yasmin Farouk,Forgery,2018-06-16,Aswan,Male
Omar Youssef,Forgery,2020-02-12,Alexandria,Female
Hussein Khaled,None,2016-09-21,Giza,Male
Omar Youssef,None,2015-11-28,Alexandria,Male
Mona Adel,Assault,2022-10-15,Hurghada,Female
Mahmoud Samir,None,2020-12-03,Aswan,Male
Mahmoud Samir,Theft,2024-09-13,Hurghada,Female
Mona Adel,None,2024-12-06,Aswan,Female
Mohamed Ali,Fraud,2024-03-13,Alexandria,Female
Yasmin Farouk,Assault,2024-04-16,Luxor,Female
Yasmin Farouk,Forgery,2018-09-16,Luxor,Female
Tamer Hany,Vandalism,2020-07-18,Alexandria,Male
Dina Sherif,None,2015-11-13,Aswan,Male
Tamer Hany,Theft,2022-09-29,Luxor,Female
Dina Sherif,Fraud,2016-01-26,Aswan,Female
Mahmoud Samir,Theft,2020-05-26,Hurghada,Male
Mahmoud Samir,Theft,2015-10-15,Giza,Female
Ahmed Mohamed,Assault,2022-08-15,Cairo,Male
Mahmoud Samir,Assault,2016-02-13,Alexandria,Male
Nadia Mostafa,None,2022-03-16,Hurghada,Female
Sara Ibrahim,None,2015-03-22,Alexandria,Male
Yasmin Farouk,None,2015-08-04,Aswan,Female
Mahmoud Samir,None,2017-09-24,Luxor,Female
Dina Sherif,Theft,2015-06-03,Giza,Female
Tamer Hany,Assault,2018-09-25,Cairo,Male
Sara Ibrahim,Theft,2022-08-18,Aswan,Female
Ahmed Mohamed,None,2017-08-18,Luxor,Male
Hussein Khaled,None,2020-02-20,Giza,Male
Mona Adel,Forgery,2016-08-08,Cairo,Male
Tamer Hany,Assault,2016-11-20,Hurghada,Female
Mahmoud Samir,Assault,2020-01-23,Cairo,Female
Nadia Mostafa,Theft,2021-06-22,Giza,Female
Sara Ibrahim,Theft,2017-01-28,Hurghada,Female
Hussein Khaled,Fraud,2023-01-24,Cairo,Female
Tamer Hany,Fraud,2023-05-20,Aswan,Female
Tamer Hany,Assault,2015-11-06,Cairo,Male
Mahmoud Samir,Assault,2024-03-06,Alexandria,Male
Mahmoud Samir,None,2021-01-19,Cairo,Male
Hussein Khaled,None,2018-02-01,Giza,Female
Nadia Mostafa,Assault,2024-08-08,Giza,Male
Mona Adel,None,2015-12-05,Aswan,Female
Dina Sherif,None,2024-10-16,Alexandria,Female
Omar Youssef,Theft,2019-01-21,Hurghada,Male
Mahmoud Samir,Forgery,2017-08-14,Luxor,Male
Fatma Hassan,None,2018-05-15,Hurghada,Female
Mona Adel,Assault,2023-02-20,Cairo,Male
Tamer Hany,Theft,2023-10-22,Hurghada,Male
Mahmoud Samir,Theft,2023-04-25,Hurghada,Male
Fatma Hassan,Vandalism,2025-01-05,Aswan,Male
Yasmin Farouk,None,2017-12-13,Hurghada,Female
Nadia Mostafa,Fraud,2016-06-13,Luxor,Female
Tamer Hany,Forgery,2018-01-02,Cairo,Male
Sara Ibrahim,Fraud,2017-12-13,Giza,Female
Hussein Khaled,Fraud,2022-10-21,Hurghada,Male
Ahmed Mohamed,Fraud,2017-11-24,Giza,Male
Tamer Hany,Vandalism,2015-10-11,Aswan,Female
Ahmed Mohamed,Fraud,2023-04-17,Alexandria,Male
Tamer Hany,None,2020-05-27,Hurghada,Male
Hussein Khaled,Forgery,2017-08-18,Alexandria,Male
Sara Ibrahim,Vandalism,2021-06-27,Alexandria,Male
Fatma Hassan,Vandalism,2020-02-23,Luxor,Female
Mohamed Ali,None,2025-02-21,Cairo,Female
Nadia Mostafa,None,2017-11-22,Hurghada,Male
Mohamed Ali,Theft,2021-10-20,Giza,Female
Fatma Hassan,Theft,2022-02-12,Cairo,Female
Nadia Mostafa,None,2017-06-03,Cairo,Male
Mahmoud Samir,Theft,2019-12-06,Alexandria,Male
Fatma Hassan,None,2022-12-06,Luxor,Female
Hussein Khaled,Theft,2022-11-22,Aswan,Female
Fatma Hassan,Vandalism,2017-10-15,Cairo,Male
Ahmed Mohamed,Forgery,2025-06-09,Giza,Male
Sara Ibrahim,Assault,2019-12-13,Cairo,Female
Fatma Hassan,Theft,2023-03-28,Alexandria,Female
Nadia Mostafa,Vandalism,2023-07-31,Aswan,Male
Mona Adel,Fraud,2021-11-29,Giza,Male
Hussein Khaled,Assault,2022-09-22,Alexandria,Male
Omar Youssef,Theft,2022-11-05,Aswan,Female
Yasmin Farouk,Vandalism,2018-09-23,Luxor,Female
Tamer Hany,Fraud,2020-12-13,Cairo,Female
Dina Sherif,None,2024-09-09,Cairo,Male
Yasmin Farouk,Assault,2018-04-09,Aswan,Female
Yasmin Farouk,Theft,2018-03-31,Giza,Female
Ahmed Mohamed,Forgery,2017-06-10,Aswan,Male
Yasmin Farouk,Theft,2018-01-16,Luxor,Male
Mona Adel,None,2016-01-25,Hurghada,Male
Hussein Khaled,Assault,2015-02-10,Hurghada,Female
Nadia Mostafa,Vandalism,2020-07-21,Luxor,Male
Dina Sherif,Theft,2021-03-06,Luxor,Female
Sara Ibrahim,Theft,2023-03-28,Aswan,Male
Tamer Hany,Fraud,2023-12-17,Aswan,Female
Omar Youssef,Fraud,2020-08-08,Aswan,Female
Fatma Hassan,Assault,2022-11-03,Luxor,Male
Omar Youssef,Assault,2016-04-08,Hurghada,Male
Ahmed Mohamed,Fraud,2016-03-03,Giza,Male
Dina Sherif,Theft,2017-06-15,Hurghada,Male
Dina Sherif,None,2019-11-12,Luxor,Female
Fatma Hassan,Theft,2022-09-21,Cairo,Male
Omar Youssef,Assault,2020-06-28,Luxor,Male
Dina Sherif,Assault,2018-10-30,Luxor,Male
Dina Sherif,None,2016-09-08,Hurghada,Male
Omar Youssef,None,2017-11-15,Cairo,Male
Yasmin Farouk,Vandalism,2017-11-15,Giza,Female
Tamer Hany,None,2018-07-15,Alexandria,Male
Sara Ibrahim,None,2017-12-15,Giza,Male
Yasmin Farouk,Forgery,2022-07-31,Cairo,Female
Hussein Khaled,Assault,2016-02-08,Alexandria,Male
Nadia Mostafa,Fraud,2021-05-05,Alexandria,Male
Mohamed Ali,None,2016-10-18,Aswan,Female
Dina Sherif,Fraud,2015-06-22,Aswan,Female
Hussein Khaled,Theft,2025-06-17,Cairo,Male
Dina Sherif,Fraud,2018-09-12,Hurghada,Male
Mohamed Ali,Vandalism,2024-08-01,Aswan,Female
Fatma Hassan,Fraud,2016-01-20,Luxor,Female
Mahmoud Samir,Theft,2017-02-23,Cairo,Male
Ahmed Mohamed,Fraud,2017-04-13,Cairo,Female
Fatma Hassan,Forgery,2024-11-17,Aswan,Female
Mohamed Ali,Theft,2022-11-26,Aswan,Female
Tamer Hany,None,2018-05-13,Hurghada,Male
Yasmin Farouk,Theft,2015-05-01,Hurghada,Female
Mohamed Ali,Assault,2017-02-04,Luxor,Male
Nadia Mostafa,Fraud,2019-03-18,Hurghada,Female
Hussein Khaled,None,2021-05-15,Giza,Male
Tamer Hany,Assault,2021-08-18,Hurghada,Female
Hussein Khaled,Forgery,2022-11-22,Luxor,Male
Tamer Hany,Fraud,2021-01-22,Giza,Female
Tamer Hany,None,2017-05-17,Aswan,Female
Hussein Khaled,Vandalism,2019-07-09,Hurghada,Male
Hussein Khaled,Fraud,2017-03-09,Cairo,Male
Sara Ibrahim,Theft,2018-07-27,Cairo,Female
Mohamed Ali,None,2025-04-03,Hurghada,Female
Hussein Khaled,Forgery,2024-10-14,Cairo,Male
Ahmed Mohamed,Fraud,2023-03-23,Luxor,Male
Nadia Mostafa,Theft,2021-07-07,Alexandria,Female
Mahmoud Samir,Forgery,2022-12-26,Luxor,Male
Nadia Mostafa,Fraud,2016-08-01,Luxor,Male
Dina Sherif,None,2021-03-28,Alexandria,Male
Nadia Mostafa,Theft,2015-01-19,Cairo,Female
Yasmin Farouk,None,2021-05-01,Aswan,Female
Mona Adel,Assault,2019-07-17,Cairo,Female
Mona Adel,Fraud,2019-01-20,Cairo,Female
Mona Adel,Forgery,2017-06-04,Luxor,Female
Tamer Hany,None,2022-08-09,Alexandria,Male
Omar Youssef,Theft,2019-11-10,Alexandria,Male
Mona Adel,Forgery,2020-08-25,Luxor,Female
Nadia Mostafa,Vandalism,2016-03-17,Hurghada,Female
Mohamed Ali,Theft,2018-10-11,Aswan,Female
Dina Sherif,Theft,2020-03-26,Aswan,Female
Omar Youssef,None,2017-09-22,Giza,Male
Hussein Khaled,Fraud,2017-03-31,Aswan,Male
Hussein Khaled,Theft,2016-01-02,Cairo,Female
Mona Adel,Theft,2018-10-14,Cairo,Male
Omar Youssef,None,2017-10-01,Cairo,Female
Dina Sherif,None,2016-04-17,Luxor,Female
Nadia Mostafa,Fraud,2017-06-15,Luxor,Female
Yasmin Farouk,Theft,2015-03-11,Cairo,Female
Mohamed Ali,Assault,2015-12-09,Luxor,Male
Mahmoud Samir,Assault,2024-03-20,Aswan,Female
Dina Sherif,Theft,2024-11-20,Luxor,Female
Sara Ibrahim,Assault,2019-06-21,Hurghada,Male
Mahmoud Samir,Assault,2020-01-29,Hurghada,Female
Fatma Hassan,Fraud,2021-07-24,Alexandria,Male
Dina Sherif,Fraud,2024-03-04,Aswan,Female
Mohamed Ali,Vandalism,2018-09-15,Cairo,Male
Fatma Hassan,Assault,2020-03-04,Aswan,Male
Fatma Hassan,Fraud,2019-03-12,Luxor,Male
Nadia Mostafa,None,2015-07-31,Cairo,Male
Mahmoud Samir,Fraud,2019-01-02,Aswan,Male
Yasmin Farouk,Vandalism,2017-02-14,Giza,Female
Mohamed Ali,None,2022-01-11,Cairo,Male
Sara Ibrahim,Theft,2025-06-28,Giza,Male
Tamer Hany,Fraud,2022-10-07,Cairo,Male
Nadia Mostafa,Theft,2024-02-16,Giza,Female
Tamer Hany,Fraud,2022-08-23,Hurghada,Female
Mahmoud Samir,Theft,2021-09-19,Luxor,Male
Hussein Khaled,None,2016-03-05,Aswan,Male
Mohamed Ali,None,2019-01-11,Alexandria,Female
Mona Adel,Theft,2022-02-27,Cairo,Female
Ahmed Mohamed,Forgery,2023-12-26,Aswan,Female
Nadia Mostafa,Forgery,2024-02-15,Hurghada,Female
Tamer Hany,None,2023-02-17,Giza,Female
Dina Sherif,None,2020-09-08,Cairo,Female
Fatma Hassan,Fraud,2019-03-22,Aswan,Male
Mohamed Ali,None,2017-09-19,Aswan,Male
Nadia Mostafa,Forgery,2022-02-09,Aswan,Female
Mohamed Ali,Assault,2022-12-05,Hurghada,Female
Omar Youssef,Vandalism,2019-02-10,Hurghada,Male
Omar Youssef,None,2015-03-04,Alexandria,Male
Sara Ibrahim,Fraud,2023-05-06,Alexandria,Male
Fatma Hassan,Fraud,2022-03-09,Giza,Male
Tamer Hany,None,2018-07-06,Luxor,Female
Mahmoud Samir,Fraud,2023-12-05,Aswan,Female
Dina Sherif,Theft,2022-11-07,Alexandria,Male
Hussein Khaled,None,2017-12-20,Luxor,Female
Tamer Hany,Fraud,2024-08-20,Hurghada,Female
Omar Youssef,None,2020-10-26,Cairo,Male
Mahmoud Samir,Assault,2023-08-29,Hurghada,Female
Sara Ibrahim,Theft,2016-12-28,Luxor,Male
Yasmin Farouk,Theft,2018-09-01,Alexandria,Male
Dina Sherif,Fraud,2021-08-11,Alexandria,Male
Ahmed Mohamed,Forgery,2020-10-15,Alexandria,Female
Sara Ibrahim,Theft,2019-01-23,Luxor,Female
Mona Adel,Assault,2020-11-14,Giza,Female
Hussein Khaled,Theft,2023-08-17,Giza,Female
Mona Adel,Assault,2020-02-04,Alexandria,Male
Hussein Khaled,Assault,2023-12-02,Aswan,Male
Hussein Khaled,Forgery,2017-09-03,Hurghada,Male
Mona Adel,Assault,2021-04-25,Luxor,Female
Fatma Hassan,Forgery,2016-07-10,Luxor,Female
Nadia Mostafa,Assault,2016-02-06,Hurghada,Male
Mona Adel,Assault,2025-05-03,Hurghada,Female
Omar Youssef,Theft,2022-04-06,Giza,Female
Omar Youssef,Fraud,2024-03-06,Alexandria,Female
Tamer Hany,Forgery,2021-05-26,Aswan,Male
Mohamed Ali,Assault,2019-03-14,Alexandria,Female
Hussein Khaled,Fraud,2018-06-17,Hurghada,Male
Ahmed Mohamed,Theft,2019-04-24,Aswan,Male
Dina Sherif,Forgery,2023-08-15,Luxor,Female
Nadia Mostafa,Theft,2021-05-11,Aswan,Male
Ahmed Mohamed,Theft,2023-04-09,Hurghada,Female
Sara Ibrahim,Assault,2016-12-27,Giza,Male
Dina Sherif,Assault,2017-12-17,Hurghada,Male
Dina Sherif,None,2017-10-01,Cairo,Female
Fatma Hassan,Assault,2020-07-22,Luxor,Male
Yasmin Farouk,None,2019-05-11,Hurghada,Female
Tamer Hany,Forgery,2016-05-18,Giza,Male
Nadia Mostafa,Theft,2021-02-09,Giza,Female
Fatma Hassan,Assault,2024-05-02,Cairo,Female
Tamer Hany,Theft,2022-02-11,Luxor,Female
Hussein Khaled,None,2025-05-01,Giza,Female
Ahmed Mohamed,Theft,2015-12-18,Cairo,Male
Hussein Khaled,Vandalism,2017-05-03,Cairo,Female
Mohamed Ali,None,2023-10-16,Giza,Female
Tamer Hany,Theft,2017-02-06,Hurghada,Female
Mona Adel,None,2022-04-19,Alexandria,Female
Ahmed Mohamed,Fraud,2015-05-08,Cairo,Male
Nadia Mostafa,Theft,2020-11-28,Giza,Female
Dina Sherif,None,2021-08-28,Giza,Male
Ahmed Mohamed,Forgery,2018-02-02,Luxor,Male
Dina Sherif,Fraud,2015-10-03,Hurghada,Female
Mohamed Ali,Fraud,2015-12-28,Giza,Female
Sara Ibrahim,Theft,2022-04-25,Luxor,Female
Mona Adel,None,2017-06-03,Cairo,Female
Mohamed Ali,None,2018-06-30,Giza,Female
Dina Sherif,Assault,2017-06-08,Alexandria,Female
Nadia Mostafa,Forgery,2017-10-16,Luxor,Female
Fatma Hassan,Fraud,2017-10-15,Alexandria,Female
Ahmed Mohamed,Assault,2018-01-06,Luxor,Female
Dina Sherif,Forgery,2019-02-05,Aswan,Male
Tamer Hany,None,2015-02-26,Giza,Female
Mona Adel,Theft,2019-04-05,Luxor,Male
Mona Adel,Theft,2020-07-05,Alexandria,Female
Yasmin Farouk,None,2021-08-14,Alexandria,Female
Mohamed Ali,Forgery,2018-12-27,Hurghada,Female
Nadia Mostafa,Assault,2017-07-03,Alexandria,Female
Tamer Hany,Assault,2016-03-14,Hurghada,Female
Fatma Hassan,Theft,2022-05-11,Cairo,Male
Nadia Mostafa,Vandalism,2015-06-08,Giza,Female
Mahmoud Samir,Fraud,2022-07-07,Alexandria,Female
Mona Adel,Theft,2024-04-29,Giza,Female
Dina Sherif,Assault,2023-12-07,Cairo,Male
Yasmin Farouk,Fraud,2021-03-21,Hurghada,Female
Mohamed Ali,Vandalism,2015-11-08,Luxor,Male
Tamer Hany,Fraud,2025-01-17,Luxor,Female
Hussein Khaled,Theft,2022-07-03,Alexandria,Female
Omar Youssef,Theft,2022-12-23,Cairo,Female
Sara Ibrahim,Theft,2020-01-28,Alexandria,Male
Yasmin Farouk,Theft,2025-07-01,Giza,Male
Mona Adel,Assault,2020-01-19,Alexandria,Female
Nadia Mostafa,Fraud,2018-01-09,Alexandria,Male
Omar Youssef,Theft,2020-09-29,Luxor,Male
Mahmoud Samir,Theft,2017-01-30,Cairo,Female
Fatma Hassan,None,2020-08-22,Aswan,Male
Yasmin Farouk,Fraud,2024-04-09,Hurghada,Male
Tamer Hany,Forgery,2017-11-20,Luxor,Male
Fatma Hassan,Assault,2019-12-10,Giza,Male
Nadia Mostafa,Vandalism,2021-08-05,Giza,Female
Mona Adel,Vandalism,2020-07-02,Aswan,Female
Tamer Hany,Fraud,2022-08-25,Giza,Male
Mohamed Ali,Assault,2019-04-28,Alexandria,Male
Ahmed Mohamed,None,2020-02-05,Aswan,Female
Mona Adel,Forgery,2022-09-18,Luxor,Male
Hussein Khaled,Assault,2015-05-09,Cairo,Male
Sara Ibrahim,Fraud,2018-08-09,Giza,Male
Omar Youssef,None,2023-02-02,Cairo,Male
Tamer Hany,Fraud,2016-09-07,Alexandria,Female
Tamer Hany,None,2021-03-16,Aswan,Female
Tamer Hany,Assault,2017-08-06,Luxor,Female
Dina Sherif,Vandalism,2019-10-25,Alexandria,Female
Nadia Mostafa,Assault,2015-01-31,Aswan,Male
Fatma Hassan,Theft,2023-02-12,Giza,Male
Yasmin Farouk,Assault,2025-05-14,Giza,Male
Ahmed Mohamed,Theft,2021-12-05,Alexandria,Male
Yasmin Farouk,Theft,2021-10-12,Hurghada,Male
Yasmin Farouk,Forgery,2022-05-20,Luxor,Female
Omar Youssef,None,2022-05-10,Aswan,Male
Mahmoud Samir,Theft,2018-01-26,Alexandria,Male
Sara Ibrahim,Fraud,2022-04-28,Alexandria,Male
Mahmoud Samir,None,2025-05-10,Luxor,Female
Mohamed Ali,Fraud,2016-03-10,Luxor,Female
Ahmed Mohamed,Theft,2022-03-29,Luxor,Female
Tamer Hany,Theft,2017-04-24,Luxor,Female
Tamer Hany,None,2015-12-21,Giza,Female
Mohamed Ali,Fraud,2015-08-17,Cairo,Male
Omar Youssef,Assault,2015-07-04,Hurghada,Male
Fatma Hassan,Assault,2022-06-23,Luxor,Male
Hussein Khaled,Fraud,2023-02-14,Alexandria,Male
Ahmed Mohamed,None,2016-10-08,Hurghada,Male
Ahmed Mohamed,Fraud,2017-08-18,Alexandria,Female
Tamer Hany,Fraud,2025-02-21,Alexandria,Male
Omar Youssef,Theft,2017-11-15,Aswan,Male
Dina Sherif,Fraud,2023-08-06,Hurghada,Female
Fatma Hassan,Theft,2016-05-05,Hurghada,Male
Nadia Mostafa,Fraud,2019-02-16,Giza,Male
Omar Youssef,Fraud,2017-01-19,Alexandria,Female
Dina Sherif,Fraud,2017-03-24,Giza,Female
Ahmed Mohamed,Assault,2018-10-26,Alexandria,Male
Mahmoud Samir,None,2017-06-15,Giza,Female
Yasmin Farouk,Forgery,2025-02-09,Hurghada,Female
Nadia Mostafa,Assault,2016-08-17,Luxor,Male
Mahmoud Samir,Fraud,2017-10-13,Alexandria,Female
Sara Ibrahim,None,2023-08-12,Luxor,Female
Ahmed Mohamed,Vandalism,2015-06-12,Aswan,Male
Mohamed Ali,Assault,2021-09-09,Cairo,Female
Mona Adel,None,2022-08-20,Luxor,Male
Omar Youssef,Fraud,2017-12-28,Hurghada,Male
Fatma Hassan,Theft,2015-08-10,Luxor,Female
Dina Sherif,Theft,2023-07-30,Luxor,Female
Hussein Khaled,Theft,2019-07-01,Cairo,Male
Mona Adel,Theft,2016-09-26,Alexandria,Male
Yasmin Farouk,Forgery,2015-11-03,Cairo,Male
Mahmoud Samir,Assault,2020-11-27,Alexandria,Female
Hussein Khaled,Theft,2021-02-09,Cairo,Male
Mona Adel,Theft,2017-10-01,Hurghada,Female
Fatma Hassan,Fraud,2019-03-28,Alexandria,Male
Mahmoud Samir,Fraud,2020-05-18,Luxor,Female
Sara Ibrahim,Assault,2021-06-15,Alexandria,Male
Fatma Hassan,Fraud,2017-07-19,Hurghada,Female
Mona Adel,None,2025-07-08,Hurghada,Male
Omar Youssef,Assault,2016-09-12,Luxor,Male
Yasmin Farouk,None,2020-06-19,Aswan,Female
Ahmed Mohamed,Fraud,2015-12-02,Hurghada,Female
Mohamed Ali,None,2018-02-17,Luxor,Male
Mona Adel,None,2023-08-04,Aswan,Male
Dina Sherif,Vandalism,2018-05-20,Hurghada,Female
Mona Adel,None,2016-01-14,Luxor,Female
Mona Adel,Forgery,2019-03-27,Giza,Male
Hussein Khaled,Fraud,2019-08-09,Giza,Male
Yasmin Farouk,Theft,2018-03-02,Hurghada,Female
Sara Ibrahim,Theft,2024-12-08,Hurghada,Female
Tamer Hany,Theft,2024-01-05,Aswan,Female
Nadia Mostafa,Vandalism,2020-02-17,Giza,Male
Mohamed Ali,None,2019-01-18,Cairo,Male
Mohamed Ali,Forgery,2018-12-11,Cairo,Female
Mohamed Ali,Theft,2024-10-31,Aswan,Male
Fatma Hassan,Theft,2017-04-30,Hurghada,Male
Mohamed Ali,Fraud,2023-10-31,Alexandria,Female
Omar Youssef,Theft,2023-02-15,Hurghada,Male
Sara Ibrahim,Fraud,2023-07-31,Luxor,Female
Mahmoud Samir,Theft,2021-06-08,Aswan,Male
Yasmin Farouk,Theft,2015-01-30,Giza,Male
Nadia Mostafa,None,2020-06-23,Luxor,Male
Sara Ibrahim,None,2017-10-15,Luxor,Female
Nadia Mostafa,None,2023-06-08,Aswan,Male
Dina Sherif,None,2020-07-23,Alexandria,Male
Fatma Hassan,Assault,2022-01-29,Aswan,Male
Fatma Hassan,Fraud,2019-08-22,Aswan,Male
Ahmed Mohamed,Theft,2025-06-16,Aswan,Female
Ahmed Mohamed,Vandalism,2016-11-18,Cairo,Male
Omar Youssef,Fraud,2025-06-25,Aswan,Female
Yasmin Farouk,None,2023-10-23,Hurghada,Female
Ahmed Mohamed,Theft,2021-12-25,Luxor,Female
Dina Sherif,Forgery,2025-04-13,Luxor,Female
Mohamed Ali,Forgery,2016-10-21,Giza,Male
Sara Ibrahim,Fraud,2021-08-25,Hurghada,Male
Tamer Hany,Theft,2018-03-28,Hurghada,Female
Nadia Mostafa,Assault,2024-11-26,Alexandria,Male
Hussein Khaled,Assault,2020-05-15,Luxor,Female
Nadia Mostafa,Assault,2016-01-01,Hurghada,Female
Mohamed Ali,Fraud,2021-09-13,Hurghada,Female
Mona Adel,None,2019-10-02,Giza,Female
Mahmoud Samir,None,2017-07-23,Alexandria,Female
Mona Adel,Theft,2015-05-12,Aswan,Male
Ahmed Mohamed,Fraud,2015-04-23,Luxor,Male
Tamer Hany,Fraud,2017-12-13,Luxor,Male
Tamer Hany,Assault,2022-08-06,Alexandria,Male
Dina Sherif,None,2024-05-12,Luxor,Male
Mahmoud Samir,Theft,2016-11-16,Luxor,Male
Omar Youssef,Vandalism,2024-10-16,Cairo,Male
Omar Youssef,Theft,2020-06-18,Cairo,Male
Mohamed Ali,Theft,2015-09-16,Cairo,Male
Fatma Hassan,Vandalism,2015-05-21,Alexandria,Male
Fatma Hassan,None,2017-12-27,Alexandria,Male
Dina Sherif,None,2023-05-02,Aswan,Female
Dina Sherif,Theft,2024-07-25,Hurghada,Male
Mona Adel,Fraud,2015-11-09,Luxor,Male
Dina Sherif,Forgery,2016-09-10,Giza,Female
Sara Ibrahim,Assault,2016-07-19,Luxor,Male
Nadia Mostafa,Theft,2016-07-23,Aswan,Male
Sara Ibrahim,Vandalism,2024-10-23,Hurghada,Female
Hussein Khaled,Forgery,2024-05-11,Cairo,Male
Fatma Hassan,Theft,2015-06-11,Cairo,Male
Mona Adel,Assault,2025-02-14,Hurghada,Female
Dina Sherif,Theft,2023-10-07,Luxor,Male
Tamer Hany,Theft,2023-03-12,Luxor,Female
Ahmed Mohamed,Fraud,2024-11-26,Cairo,Male
Tamer Hany,Theft,2018-01-17,Giza,Male
Omar Youssef,Forgery,2022-10-08,Hurghada,Male
Omar Youssef,Theft,2021-10-01,Luxor,Male
Mahmoud Samir,Assault,2016-01-15,Aswan,Female
Mahmoud Samir,Fraud,2021-05-30,Aswan,Female
Yasmin Farouk,Theft,2020-09-06,Alexandria,Male
Ahmed Mohamed,Fraud,2019-03-21,Cairo,Female
